project_id,project_name,start_date,end_date,status
1,Redefine Robust Interfaces Project #1,2023-04-28,2025-07-21,on hold
2,Generate Rich Roi Project #2,2024-12-27,2027-03-02,active
3,Re-Contextualize Distributed Paradigms Project #3,2025-01-04,2025-05-24,active
4,Implement Seamless Networks Project #4,2024-03-07,2025-04-25,cancelled
5,Expedite Sticky Supply-Chains Project #5,2024-10-25,,completed
6,Envisioneer Ubiquitous Experiences Project #6,2025-05-11,2026-04-14,active
7,Incubate Rich Channels Project #7,2025-09-12,2026-12-24,on hold
8,Iterate Plug-And-Play Niches Project #8,2025-07-17,2026-07-31,active
9,Aggregate One-To-One Supply-Chains Project #9,2023-07-29,2023-12-14,cancelled
10,Leverage Ubiquitous Experiences Project #10,2023-11-25,2026-04-21,cancelled
11,Morph Viral Synergies Project #11,2025-01-26,2027-03-18,on hold
12,Extend Cross-Platform Technologies Project #12,2023-03-21,2025-08-12,on hold
13,Maximize Dynamic Roi Project #13,2024-02-14,2026-07-13,active
14,Re-Intermediate Wireless E-Commerce Project #14,2024-05-13,2025-02-16,cancelled
15,Deliver World-Class Infrastructures Project #15,2023-10-21,2025-04-09,on hold
16,Strategize Mission-Critical Roi Project #16,2024-11-28,2025-12-26,on hold
17,Enable Compelling Vortals Project #17,2024-01-08,2025-10-09,on hold
18,Re-Contextualize Interactive Synergies Project #18,2025-11-15,2026-06-28,active
19,Morph Integrated Action-Items Project #19,2024-07-29,2026-01-10,completed
20,Grow Real-Time Supply-Chains Project #20,2023-04-05,2024-09-18,cancelled
21,Monetize Value-Added Portals Project #21,2025-10-31,,completed
22,Visualize Bricks-And-Clicks Action-Items Project #22,2023-08-30,2024-08-07,on hold
23,Streamline 24/7 Bandwidth Project #23,2023-04-11,2024-04-27,cancelled
24,Monetize Granular Interfaces Project #24,2024-01-28,2025-06-05,on hold
25,Innovate Extensible Initiatives Project #25,2024-03-18,2024-08-18,completed
26,Whiteboard Distributed Relationships Project #26,2024-02-28,,completed
27,Re-Intermediate Magnetic E-Services Project #27,2024-11-08,2026-04-17,on hold
28,Enable Compelling Eyeballs Project #28,2022-12-27,2023-05-08,completed
29,Target Out-Of-The-Box E-Markets Project #29,2024-04-08,2024-11-07,on hold
30,Scale Collaborative Users Project #30,2025-11-07,2026-04-15,on hold
31,Exploit Killer Action-Items Project #31,2025-09-03,2027-04-22,on hold
32,Innovate Strategic Deliverables Project #32,2025-03-22,2027-05-31,cancelled
33,Grow Bricks-And-Clicks Partnerships Project #33,2025-05-09,2027-01-16,on hold
34,Redefine One-To-One Markets Project #34,2023-04-19,2024-05-01,completed
35,E-Enable 24/365 Networks Project #35,2025-08-22,2027-01-23,active
36,Incubate B2C Communities Project #36,2025-07-25,2025-11-07,active
37,Harness Visionary Initiatives Project #37,2025-01-29,,on hold
38,Innovate Best-Of-Breed Applications Project #38,2025-06-14,2025-11-12,cancelled
39,Synthesize E-Business Mindshare Project #39,2024-08-30,2025-10-23,cancelled
40,Grow Leading-Edge Bandwidth Project #40,2023-06-13,2025-03-06,cancelled
41,Enable Next-Generation Bandwidth Project #41,2024-03-20,2024-06-19,active
42,Maximize Leading-Edge Schemas Project #42,2024-10-06,2025-08-02,active
43,Target Extensible Web-Readiness Project #43,2025-01-18,2026-09-05,active
44,Strategize Dot-Com Synergies Project #44,2025-01-19,,cancelled
45,Extend Killer Applications Project #45,2023-04-18,2024-01-10,on hold
46,Optimize Revolutionary E-Commerce Project #46,2024-05-05,2025-09-11,active
47,Seize Innovative Users Project #47,2024-08-14,2026-11-28,completed
48,Streamline Innovative Info-Mediaries Project #48,2023-07-19,,completed
49,Integrate Front-End E-Markets Project #49,2025-02-03,2027-06-29,completed
50,Reinvent Global Experiences Project #50,2025-07-12,,on hold
51,Drive Next-Generation Relationships Project #51,2024-04-23,2025-09-14,on hold
52,Productize Enterprise Systems Project #52,2023-09-03,2025-02-26,cancelled
53,Cultivate Enterprise Architectures Project #53,2023-06-23,,active
54,Evolve Global Experiences Project #54,2023-07-05,2025-04-13,on hold
55,Cultivate Cross-Media Initiatives Project #55,2025-10-14,,active
56,Reinvent Impactful Deliverables Project #56,2024-06-02,2026-08-22,completed
57,Enable Magnetic Synergies Project #57,2023-04-17,2024-08-11,on hold
58,Engineer Vertical Content Project #58,2024-11-29,2026-03-20,cancelled
59,Target Cutting-Edge Users Project #59,2025-06-02,2026-08-24,on hold
60,Synergize Bleeding-Edge Action-Items Project #60,2024-02-17,2024-08-29,on hold
61,Target Cross-Media Eyeballs Project #61,2023-08-15,2024-07-05,cancelled
62,Empower Dynamic Initiatives Project #62,2025-09-21,2026-09-08,on hold
63,Integrate Next-Generation E-Business Project #63,2024-02-12,,cancelled
64,Revolutionize Vertical Action-Items Project #64,2023-01-17,2023-02-17,cancelled
65,Architect Innovative Platforms Project #65,2023-08-12,,on hold
66,Expedite Robust Systems Project #66,2023-02-19,2025-05-07,active
67,Expedite Scalable Action-Items Project #67,2024-10-15,2025-03-28,on hold
68,Extend Revolutionary Interfaces Project #68,2023-06-22,2024-11-29,active
69,Grow Bleeding-Edge Users Project #69,2025-10-07,2027-07-22,completed
70,Architect Leading-Edge Channels Project #70,2025-01-15,2025-02-28,cancelled
71,Deliver Distributed E-Services Project #71,2025-05-29,2027-11-06,active
72,Transition Turn-Key Networks Project #72,2023-05-05,2025-03-28,completed
73,Expedite World-Class Action-Items Project #73,2023-02-19,2024-01-13,on hold
74,Monetize B2B Web Services Project #74,2023-08-08,2025-01-02,completed
75,Mesh Magnetic E-Markets Project #75,2023-05-15,2024-07-10,completed
76,Monetize Efficient Markets Project #76,2023-01-30,2023-07-18,active
77,Engage Virtual Functionalities Project #77,2024-05-19,2025-08-16,on hold
78,Innovate Cutting-Edge Schemas Project #78,2023-01-31,2023-03-04,on hold
79,Synthesize Scalable Convergence Project #79,2024-04-03,2025-12-17,cancelled
80,Visualize Enterprise Deliverables Project #80,2025-02-04,2026-07-14,on hold
81,Harness Next-Generation E-Markets Project #81,2024-01-25,2025-09-02,cancelled
82,Orchestrate Seamless Architectures Project #82,2023-05-18,2023-12-27,completed
83,Reinvent Collaborative Action-Items Project #83,2023-10-13,2026-01-14,cancelled
84,Iterate Magnetic Content Project #84,2025-09-07,2027-02-03,cancelled
85,Iterate B2B Bandwidth Project #85,2023-10-07,2026-01-25,completed
86,Redefine Leading-Edge Schemas Project #86,2023-02-25,2023-08-03,on hold
87,Deploy Next-Generation Schemas Project #87,2025-05-14,2026-09-06,active
88,Mesh Global Architectures Project #88,2022-12-24,2023-02-07,completed
89,Incentivize Dot-Com E-Tailers Project #89,2023-08-19,2024-02-23,active
90,Facilitate Strategic Systems Project #90,2023-04-19,2024-02-14,on hold
91,Iterate Out-Of-The-Box Infrastructures Project #91,2023-09-13,2024-09-13,cancelled
92,Incubate Dynamic Markets Project #92,2024-02-26,2026-05-13,cancelled
93,Empower Enterprise Methodologies Project #93,2025-09-23,2026-06-20,on hold
94,Expedite Revolutionary Partnerships Project #94,2024-08-27,2025-12-14,active
95,Aggregate Killer Info-Mediaries Project #95,2025-05-14,2027-05-24,on hold
96,Architect Open-Source Content Project #96,2025-10-07,,active
97,Redefine Value-Added E-Tailers Project #97,2024-04-14,2025-07-29,completed
98,Re-Contextualize Dynamic Initiatives Project #98,2024-07-23,2026-03-24,completed
99,Extend Compelling Action-Items Project #99,2024-12-22,,cancelled
100,Scale Best-Of-Breed Interfaces Project #100,2024-07-30,2026-04-18,completed
101,Redefine Web-Enabled Schemas Project #101,2024-08-17,2025-06-03,cancelled
102,Harness Front-End Architectures Project #102,2024-07-01,2026-11-01,cancelled
103,Target Synergistic Content Project #103,2024-04-25,2024-11-02,active
104,Morph Bricks-And-Clicks Mindshare Project #104,2023-06-15,2025-03-07,on hold
105,Matrix Rich Bandwidth Project #105,2023-07-21,2024-11-29,on hold
106,Transform Collaborative Vortals Project #106,2024-10-24,2026-04-01,active
107,Redefine Best-Of-Breed Relationships Project #107,2024-08-07,2025-09-08,on hold
108,Harness Transparent Paradigms Project #108,2024-04-10,,cancelled
109,Maximize Magnetic Eyeballs Project #109,2024-05-22,,active
110,Utilize Back-End Schemas Project #110,2023-02-22,2024-01-11,completed
111,Re-Contextualize Next-Generation Technologies Project #111,2023-12-15,2024-07-26,on hold
112,Orchestrate 24/365 Supply-Chains Project #112,2025-02-28,2027-01-01,active
113,Enhance Enterprise Networks Project #113,2024-03-13,2024-05-16,on hold
114,E-Enable Interactive Models Project #114,2025-03-11,,on hold
115,Engage Cross-Platform Portals Project #115,2024-02-05,2024-09-01,completed
116,Engineer Holistic Experiences Project #116,2025-03-10,2026-04-18,on hold
117,Extend Holistic Bandwidth Project #117,2025-01-03,2027-05-27,cancelled
118,Leverage Synergistic Communities Project #118,2024-04-10,2025-04-21,active
119,Enable Holistic Roi Project #119,2023-04-21,2023-10-12,completed
120,Redefine Leading-Edge Deliverables Project #120,2023-09-14,2026-01-14,on hold
121,Integrate Intuitive Web Services Project #121,2025-06-04,2025-07-18,on hold
122,Streamline Clicks-And-Mortar E-Markets Project #122,2025-03-27,2027-03-15,on hold
123,Enable Bleeding-Edge Partnerships Project #123,2023-10-17,2024-11-30,active
124,Unleash B2C Synergies Project #124,2024-08-14,2026-06-09,on hold
125,Architect Ubiquitous Relationships Project #125,2024-09-08,2026-07-20,cancelled
126,Streamline Compelling Web Services Project #126,2024-03-27,2024-08-23,completed
127,Synthesize Vertical Synergies Project #127,2025-09-04,2026-08-11,cancelled
128,Incubate Transparent Synergies Project #128,2025-04-12,,completed
129,Utilize Efficient Users Project #129,2023-10-02,2025-09-17,cancelled
130,Envisioneer Vertical Mindshare Project #130,2025-01-23,2026-12-24,active
131,Transition User-Centric Roi Project #131,2023-03-09,2024-01-19,active
132,Transform Mission-Critical Deliverables Project #132,2023-11-08,2025-03-07,completed
133,Orchestrate Web-Enabled Solutions Project #133,2023-11-24,,on hold
134,Re-Intermediate Dot-Com Convergence Project #134,2023-12-02,,on hold
135,Empower Impactful Infrastructures Project #135,2024-11-12,2027-04-29,cancelled
136,Disintermediate Wireless Bandwidth Project #136,2025-06-01,2027-04-19,active
137,Maximize Interactive E-Services Project #137,2025-08-24,2026-05-30,completed
138,Monetize Strategic Experiences Project #138,2024-10-11,,completed
139,Iterate Robust Infrastructures Project #139,2024-09-19,2025-06-14,on hold
140,Strategize Enterprise Architectures Project #140,2025-02-06,2026-11-08,active
141,Engage Collaborative Markets Project #141,2024-05-17,2024-11-11,completed
142,Whiteboard Value-Added Communities Project #142,2024-07-10,2024-11-29,active
143,Evolve Rich E-Commerce Project #143,2025-03-11,,completed
144,Visualize Open-Source Networks Project #144,2024-02-11,,on hold
145,Iterate Mission-Critical Deliverables Project #145,2025-08-20,,cancelled
146,Redefine Revolutionary E-Services Project #146,2022-12-24,,active
147,Architect Collaborative Niches Project #147,2023-04-05,2024-05-09,active
148,Integrate Intuitive Methodologies Project #148,2023-05-25,2025-03-14,active
149,Re-Contextualize Efficient Users Project #149,2023-01-03,2024-11-21,active
150,Maximize Robust Roi Project #150,2025-08-03,2028-01-17,cancelled
